ward,raw_slope,raw_p,share_slope,share_p,rel_slope,rel_p,events,ev_first4,ev_last4,co_first4,co_last4,rel_first4,rel_last4
A.Narayanapura,-0.1213235294117647,0.021639694857150806,-0.0015552438080495357,0.0038142347956325686,-0.087573776963309,0.009056382412965046,35,12,4,356,757,2.675235183066412,0.912464410058471
Adugodi,-0.0,0.04024278524556949,-0.0,0.06466364999501287,0.021548215616352086,0.12841351117075267,5,0,3,178,439,0.5798479803153366,1.078855881386712
Agaram,-0.0,0.5114570134698799,-0.0,0.5123831918967473,0.0030814841662872607,0.7732194749063227,8,0,1,141,387,0.6365214428426634,0.6253475669761639
Agrahara Dasarahalli,-0.0,0.021182474717539677,-0.0,0.017476111452252148,-0.036992883344344904,0.08550171523715203,13,8,0,225,282,2.7545734953096606,0.5296476331120767
Anjanapur,-0.0,0.06284065378344574,-0.0,0.1534540359771371,0.026539901224975466,0.1458442183647273,20,2,8,667,1469,0.45289480660218234,0.7816040464486154
Arakere,-0.0,0.42007232961435903,-0.0,0.9740676717201351,0.02274444694405342,0.2598399893189163,38,8,12,1273,1880,0.7076115241007721,0.9613655133569896
Aramane Nagar,-0.0,0.5958064788045883,-0.0,0.5539416420840029,-0.009244796827908075,0.6771082386478994,17,5,3,383,710,1.4417674747799805,0.71566724585551
Attiguppe,-0.0,0.2259944107203865,-0.0,0.637859624668692,-0.002365256545593583,0.9235023313316655,19,3,9,401,1524,0.9292411824953901,0.8883074026293359
Azad Nagar,-0.0,0.03974082208165121,-0.0,0.0351838756817656,-0.0007639309201321258,0.8226828854421667,4,0,2,100,339,0.708238834673286,0.8419741000036669
BTM Layout,-0.0,0.10272288847184576,-0.0,0.25059205068568424,0.017661647555777454,0.23326655710712652,20,1,8,865,2182,0.3171374013232887,0.8076213623843038
Bagalagunte,-0.125,0.04175293881902201,-0.0006323386457240798,0.007628716384833333,-0.0483433937474007,0.004748309856126978,36,10,4,783,1433,1.3223106451897144,0.5177934048298535
Banashankari Temple Ward,-0.0,0.08213830586699547,-0.0,0.1342780068399353,0.0026989644045827365,0.6771082386478994,6,0,5,106,619,0.6980970914326166,1.029187794377389
Banaswadi,-0.0,1.0,-0.00027104960065284147,0.22906848025535842,-0.014469583368557262,0.6307989462589767,51,8,10,1303,2878,0.8303418399920646,0.573989004421972
Bapuji Nagar,-0.0,0.007939387472304077,-0.0,0.03856690041018389,0.017550781511900905,0.20862839781386747,7,0,3,164,475,0.6072259698187554,0.9460375310849098
Basavanagudi,-0.0,0.31686754086156266,-0.0,0.46140035510785127,0.010578377318669667,0.2883781963764095,16,1,5,522,1009,0.4459857815525088,0.8462830490425342
Basavanapura,-0.0,0.5029215950490151,-8.086938297652829e-05,0.5858584459782121,0.013726637773187032,0.5858584459782121,61,10,12,953,1732,1.1011685023507822,1.084076732728918
Basaveshwara Nagar,-0.0,0.08731203032455959,-0.0,0.05853748036551905,-0.035655544748281504,0.08550171523715203,14,3,1,252,433,1.2461664812532611,0.6084441594573506
Begur,-0.08571428571428572,0.5562984612747348,-0.00033142912417469304,0.0983302187347563,-0.02393387092767422,0.23326655710712652,119,22,21,2373,4115,1.1245041515668064,0.756240445729929
Bellandur,0.11805555555555555,0.6952985667826368,-0.0006096885994079658,0.06380788453418215,-0.03637868771504328,0.5858584459782121,189,28,31,1596,4157,1.7505845686535277,1.3171467301310318
Benniganahalli,-0.0,0.32928280387138764,-0.0,0.7668843013869673,0.005324770865181276,0.9235023313316655,49,4,13,620,1522,0.7291576766056811,1.1261550254516528
Bharathi Nagar,0.17692307692307693,0.0177205636946856,0.0011284059078176725,0.13905415872101157,0.14539305578007217,0.02832862734229191,46,2,24,213,469,1.0621660607334362,4.969013913505039
Bilekahalli,-0.0,0.6938493443066314,-0.0005251678589349999,0.2552258392103255,-0.005994347067789409,0.7732194749063227,72,14,9,805,1500,1.6566282274600568,0.8950635440418162
Binnipet,-0.0,0.3191332628660716,-0.0,0.46512300404700635,0.004541102866057321,0.7732194749063227,6,2,4,104,273,1.2987220221272828,1.759543779171151
Bommanahalli,0.08012820512820512,0.03804992859061535,0.00016889191413218215,0.15161325810624024,0.0559350259471061,0.033643947242160896,29,1,13,401,1098,0.529830787033631,1.633750041971124
Byatarayanapura,-0.0,0.842456346054176,-0.00024132513340036513,0.5368163113567568,-0.00699271526062547,0.8226828854421667,67,14,14,1217,2017,1.208459357590287,1.0298664505304544
Byrasandra,-0.0,0.07438293306745791,-0.0,0.19272362665026177,0.014795265888704737,0.20862839781386747,10,2,6,330,914,0.8655912294622664,1.2397497396007329
C.V.Raman Nagar,-0.0,0.412951548266864,-0.0,0.5278124381247458,0.0023108628202947105,0.9235023313316655,28,4,10,378,1121,1.0949077704863204,1.3037922285164967
Chalavadipalya,-0.0,0.4083444035862528,-0.0,0.43899286198967014,0.0038153755899013,0.7732194749063227,10,0,2,54,238,0.8139046386564351,1.2265638849016747
Chamrajpet,-0.0,0.42624696852592325,-0.0,0.84013110189786,0.02976600893005243,0.2598399893189163,19,6,7,300,648,1.7008304221016535,1.410110096535015
Chikkalasandra,-0.0,0.10262811388947382,-0.0,0.07711056517782197,-0.024060212382427504,0.0983302187347563,14,4,1,383,626,1.197335303570435,0.505624790937554
Chikpete,0.14285714285714285,0.19957110953302404,-0.00026824199888566766,0.3614464888476012,0.012498647451958375,0.5424221448910934,63,10,23,493,1627,1.7683229778467346,1.938162452904303
Chokkasandra,-0.0,0.13594692522666904,-0.0005515580123020269,0.03141770165308583,-0.03139045980057756,0.18588304288709082,21,5,3,477,761,1.165503497152244,0.6525259962624759
Chowdeshwari Ward,-0.0,0.05245229006343921,-0.0,0.09185915354333572,0.03681738781855538,0.02373449564495179,16,1,9,345,440,0.6073677812646763,2.0041491399678004
Cottonpet,-0.0,0.09062155597775234,-0.0,0.17452534056858338,0.06243642974602227,0.06380788453418215,20,1,11,169,308,0.9134276806822443,3.062320410091357
Dattathreya Temple,-0.0,0.6782419809008946,-0.00012583346356201486,0.4512964787400878,0.012631712543388934,0.5424221448910934,26,3,5,267,470,1.1403563113067632,1.4256353119446692
Dayananda Nagar,-0.0,0.5637028616507731,-0.0,0.7779728326668359,0.0020103276090948337,0.8728414598639421,6,1,2,93,205,1.0666479908280362,1.2307813903649945
Deepanjali Nagar,-0.0,0.9150882314978102,-0.0,0.7620728877080543,-0.001887534945554977,0.8728414598639421,17,2,4,257,544,0.9669776744864319,1.003073895279368
Devarajeevanahalli,-0.0,0.3476116417041175,-0.0,0.7169617905927377,3.495836874904771e-05,1.0,8,1,4,90,220,1.061792644912858,1.5869624684515622
Devasandra,-0.0,0.9381652397905107,-0.0,0.7016403679534656,-0.008793352367636925,0.3513948581732795,10,1,3,192,460,0.8167237975682758,0.8687677663666291
Dharmarayaswamy Temple Ward,0.17424242424242425,0.016755026316127467,0.0005216183478234948,0.2979792725863437,0.07351162603194138,0.02832862734229191,53,3,21,367,1093,0.9194932992357384,2.568171614297247
Dodda Bidarkallu,-0.0,0.7434206976952524,-0.0007003683304094623,0.07402572925713644,-0.04621048317935608,0.20862839781386747,110,17,23,909,3038,2.0385133184156103,1.1317937871102604
Doddabommasandra,-0.0,0.9721592887300684,-0.0,0.4942366736874473,-0.00802586400212607,0.8728414598639421,17,4,5,258,669,1.4521630161107788,1.1030060070820704
Doddanekkundi,0.2899159663865546,0.04256245867571476,8.942957735819993e-05,0.8202452000178146,0.06000455151153764,0.054753545747263134,98,8,40,878,2586,0.9338882856732416,2.292428146647999
Domlur,-0.0,0.434563064772572,-0.0,0.45950558513590867,-0.0032921370692096464,0.9235023313316655,18,2,4,251,745,0.9720972207955361,0.8142160161395883
Dr.Rajkumar Ward,-0.0,0.33472755630039486,-0.0,0.19272362665026177,-0.014643913548468489,0.4605237944389165,14,7,2,187,458,2.467368416518471,0.752957575371201
Ejipura,-0.0,0.260003589320543,-0.0007015975765975765,0.10656944848543765,-0.057819746764255026,0.07402572925713644,33,4,4,418,770,1.0110426010689673,0.8270524353085236
Gali Anjaneya Swamy Temple Ward,-0.0,0.2439639465303466,-0.0,0.46512300404700635,0.003641748796125865,0.7732194749063227,7,1,4,162,504,0.8364332531122582,1.0298546225587446
Gandhi Nagar,0.11437908496732026,0.1176674046257454,-0.0,0.6684985187452955,0.05668407129824396,0.1458442183647273,43,2,17,398,843,0.7050985061520467,2.543329162737627
Ganeshmandira Ward,-0.0,0.11033976523997477,-0.0,0.07812970325652914,-0.018206128470853043,0.11260412706479736,7,1,0,408,876,0.5229232520416838,0.27354734399859887
Ganga Nagar,-0.0,0.4244471754904474,-0.0,0.3493236872078871,-0.014686765250004175,0.054753545747263134,6,1,0,211,568,0.7731654650300038,0.37189206693017574
Gangenahalli,-0.0,0.5287333251214301,-0.0,0.4892111290416603,-0.007433613716400798,0.18588304288709082,2,1,0,164,294,0.8684709174289748,0.5197692616109442
Garudacharpalya,0.07417582417582418,0.03180248431808431,-0.0,0.3057487934246461,0.027909280825859382,0.16497640636360544,20,1,8,251,990,0.7163618982929989,1.2403279422068922
Gayathri Nagar,-0.0,0.10819724752370144,-0.0,0.1342780068399353,0.017511342489280147,0.1458442183647273,4,0,2,366,361,0.45231918897965784,0.988579323079315
Giri Nagar,-0.0,0.437890005937993,-0.0,0.28340581537753196,-0.01267377065024972,0.0983302187347563,12,2,1,664,1786,0.5037760095404857,0.2137627177252915
Gottigere,-0.0,0.8121594578670615,-0.00018184405442819181,0.10652290474445593,-0.01703454390995598,0.31889648047194963,26,8,5,1089,3298,0.827979443713961,0.28451323580659144
Govindraja Nagara,-0.0,0.3950915849041501,-0.0,0.5744286837341164,0.007050465271458145,0.4222502818286719,4,1,2,260,459,0.6961426095904648,0.910699141306168
Gurappanapalya,-0.0,0.15338971199909993,-0.0,0.22022025135488232,0.019590012611144167,0.4605237944389165,12,0,5,157,473,0.6094636065144121,1.428205580730379
H.M.T,-0.0,0.3078071380727444,-0.0,0.9731642387324617,0.03992914759139926,0.3513948581732795,32,6,15,295,555,1.7964508593445787,3.098645481585123
HAL Airport,-0.0,0.4377282589388055,-0.0,0.5192490622486565,0.0026063912990872723,0.7246362205272814,9,1,3,202,452,0.7734849960280292,0.9976401115557952
HBR Layout,-0.0,0.8954955742283934,-0.00017946263551581009,0.4552980478071733,-0.0033768741848004408,0.9235023313316655,80,10,19,1144,2226,0.9395860603851185,1.1382721689687656
HSR Layout,-0.0,0.9472359051495483,-0.0002048003043313484,0.4222502818286719,0.004943649599725739,0.8728414598639421,79,17,21,1705,2658,1.213450312188547,1.1204679680334189
Hagadooru,-0.0,0.7159222103923862,-0.0008439949894571146,0.02489756445216774,-0.04713875670371248,0.12841351117075267,64,11,11,566,1981,1.8607186969251854,0.7228111765669081
Hampi Nagar,-0.0,0.7132270251909245,-0.0,0.9678696981482421,-0.00028766872143626,0.9744669029388741,8,1,4,367,1060,0.593204187731719,0.5852115108855662
Hanumantha Nagar,-0.0,0.7422398232672732,-0.0,0.6398196587130265,-0.00039438517204272227,0.9235023313316655,5,1,2,359,582,0.6050160012534332,0.6175690056687684
Hebbal,-0.0,0.18963988810479404,-0.0,0.41258875497702685,0.023781041549286945,0.3858571513151256,25,2,12,438,1123,0.6419546051097573,1.3645740754763271
Hegganahalli,-0.0,0.3185419110445046,-0.0,0.7540225300620748,0.0030866383126009634,0.8728414598639421,14,2,4,202,749,1.107689936439381,0.874750184773032
Hemmigepura,0.09090909090909091,0.2583050020774267,-6.0509895517786275e-05,0.4948288944459869,0.006163202187776319,0.5858584459782121,58,8,20,1460,4358,0.6897182329622036,0.7089490987294056
Herohalli,-0.0,0.6868394360272108,-0.0003182342933527768,0.09781702473822257,-0.028515233743017367,0.18588304288709082,55,9,11,890,2341,1.2223051114085555,0.6955511617273376
Hombegowda Nagar,-0.0,0.49920739971501427,-0.0009011378692229756,0.08084959612275873,-0.03775721728011673,0.31889648047194963,26,4,4,383,1117,1.0551691358054112,0.6592983796740649
Hongasandra,-0.0,0.9203001829411458,-0.0003737040744454587,0.2948939838180872,-0.026262388888717847,0.6307989462589767,41,10,8,355,884,2.345652536469812,1.38056735452045
Hoodi,-0.0,0.9478777812782534,-0.00098543924271748,0.007345988192888901,-0.058514949769548144,0.11260412706479736,121,25,32,1124,3443,2.30323824959763,1.6070931226840306
Horamavu,-0.11437908496732026,0.6715013105964589,-0.0005753612415384858,0.02832862734229191,-0.034066512975759355,0.18588304288709082,173,43,46,2889,4968,1.6099620706358007,1.5311445879998222
Hosahalli,-0.0,0.6513610554649711,-8.170735693041882e-06,0.21906440661100846,-0.030631678983403333,0.23326655710712652,20,2,5,250,687,1.064838725477074,0.9896091393535953
Hosakerehalli,-0.0,0.1605724342029221,-0.0005668660841074635,0.08782728379058674,-0.013357019415071617,0.3858571513151256,19,5,2,519,672,1.0516416209316826,0.6200660233962897
Hoysala Nagar,0.09545454545454546,0.17481236582875503,6.850479999290523e-05,0.6957088687937522,0.028378202124591023,0.2883781963764095,46,3,13,623,1686,0.636641445006679,1.0382144710761847
J.P.Nagar,-0.0,0.5405539531790933,-0.0,0.9147298042788199,0.0014493999712593907,0.9744669029388741,20,2,9,622,1844,0.5192291364134227,0.7316935108946094
J.P.Park,-0.0,0.25690561286709235,-0.0,0.42327221109755275,0.028732628242990117,0.11260412706479736,20,1,10,361,537,0.6005571957649223,2.00059469383919
Jagajeevanram Nagar,-0.0,0.07775989643932943,-0.0,0.08960680746141746,-0.004923952819797078,0.6771082386478994,2,0,1,84,408,0.7612084594672669,0.7491890850509879
Jakkasandra,-0.0,0.15443051915129236,-0.0,0.32303584413413144,0.007081684425014395,0.5858584459782121,7,0,4,161,508,0.6039304044482894,1.070969627992781
Jakkur,0.35416666666666663,0.004298236709264127,0.00025976112767640987,0.18321654665135823,0.0602948977039352,0.004748309856126978,97,6,35,1411,4396,0.545129672144121,1.1677746229975932
Jalahalli,-0.0,0.18988196369840515,-0.0,0.31921204599226516,0.026969010863807402,0.039762136700688226,20,2,10,356,460,0.7894666274825627,2.0946238227606906
Jaraganahalli,-0.0,0.6457206637227211,-0.0,0.7540225300620748,-0.0018442779844311387,0.9235023313316655,16,3,4,181,512,1.4258415572080254,1.0316940025359025
Jayachamarajendra Nagar,-0.0,0.5603921959021287,-0.0,0.35785658722009417,-0.014363504899242888,0.3858571513151256,9,3,2,264,594,1.255266786830259,0.6543294327541384
Jayamahal,-0.0,0.605278267746252,-0.0,0.6063360101903987,0.0032577832616992,0.7732194749063227,5,0,2,192,302,0.5691370334837498,1.0424027481254416
Jayanagar East,-0.0,0.7381897030659912,-0.0,0.41782683694519607,-0.01789029240010541,0.5006096271664154,14,4,3,287,800,1.4321373459691813,0.6645778434420598
Jayangar,-0.0,0.21521923582454716,-0.0,0.09025602441938362,-0.02696754851358215,0.004748309856126978,11,2,1,429,1490,0.6577467080863788,0.26036296476837195
Jeevanbhima Nagar,-0.0,0.4349078928971879,-0.0,0.9205930883437379,0.00990377050124908,0.7246362205272814,27,2,9,592,1113,0.5704211795885185,1.048974509354643
Jnanabharathi Ward,-0.0,0.483034519549822,-1.5891177218408216e-06,0.9223124727054681,0.0048778713558920855,0.6771082386478994,49,4,19,2669,5646,0.2733950963045552,0.47898181244995064
Jogupalya,-0.0,0.3244912126613032,-0.0,0.9731642387324617,0.011014337888557223,0.8226828854421667,28,3,9,235,859,1.2292255655259319,1.3138264863691413
K.R.Market,-0.0,0.1117651036650183,2.3267718367536822e-05,0.48529812076273016,0.041940226490171754,0.2883781963764095,24,1,8,143,428,0.9584905762007377,1.8445180422383838
K.R.Puram,-0.0,0.2247402032303295,-0.0,0.6181786564077212,0.026205716182670313,0.18588304288709082,38,5,18,818,1672,0.8398466298596697,1.4231078830745783
Kacharakanahalli,-0.0,0.03360693816576912,-0.0,0.23886817144066186,0.014982463297595158,0.20862839781386747,11,0,3,395,891,0.4112201661118826,0.6009578142810638
Kadugodi,-0.0,0.5654908975704332,-0.00017450771098033853,0.5574190934750418,0.012652316313821316,0.6771082386478994,47,8,18,450,1455,1.5359775923526848,1.547225605470195
Kadugondanahalli,-0.0,0.08461356895175433,-0.0,0.13262225087386637,0.016911999681138434,0.11260412706479736,8,0,5,262,686,0.48962593262040677,0.9704696518687618
Kamakshipalya,-0.0,0.4272628567457064,-0.0,0.3995113198488579,-0.014506111654683573,0.18588304288709082,3,1,0,153,461,0.9155837047429063,0.4175878682774631
Kammanahalli,-0.0,0.4069754134386494,-0.0,0.24600561256358888,-0.014645240776920504,0.18588304288709082,5,2,1,279,638,0.9213889085889192,0.5731477244752701
Karisandra,-0.0,0.13847671503211711,-0.0,0.3197324168939859,0.022172204645338003,0.12841351117075267,9,1,3,174,414,0.8299652642974387,1.1089866537002857
Katriguppe,-0.0,0.25683925795785656,-0.0,0.1603626623579314,-0.007687138192603866,0.3858571513151256,4,2,1,389,977,0.765727248003836,0.3956412824144906
Kavalbyrasandra,-0.0,0.45915849959084865,-0.0,0.8828884566786582,-0.0005190517764229367,1.0,18,2,11,888,2878,0.4024824968906115,0.5515066932803045
Kaveripura,-0.0,0.410518596084969,-0.0,0.36689500763478944,0.01584468897383881,0.2883781963764095,7,0,3,220,414,0.5279011164773175,1.0627505136987045
Kempapura Agrahara,-0.0,0.4137552942103686,-0.0,0.4137552942103686,-0.006613465605429575,0.20862839781386747,4,0,1,71,367,0.7678943455536444,0.6956623661910785
Kempegowda Ward,0.16666666666666666,0.017077722896027995,0.0005210699844829755,0.15905408972447066,0.07581908749799274,0.02832862734229191,43,3,16,512,1180,0.7753273263297855,1.7951814794686078
Kengeri,-0.0,0.6746744951951613,-3.70309599960763e-05,0.3131526251041533,-0.015012242748005663,0.4222502818286719,18,3,7,501,1650,0.8851455650588105,0.6551550318690615
Kodigehalli,0.06971153846153846,0.3004612676881957,-0.00020243486914310632,0.23326655710712652,-0.014712023956391321,0.7732194749063227,62,9,22,628,2317,1.6927541468312415,1.4201108319875777
Konanakunte,-0.0,0.6398694993197216,-0.0001350229132537767,0.3785956540806378,0.003751072821445395,0.8728414598639421,38,10,12,894,1844,1.2066339960641215,1.0081268855293986
Konena Agrahara,-0.0,0.501652813999101,-0.0,0.9168149485280885,-0.006020930089628384,0.7732194749063227,19,1,5,323,895,0.6807524499868731,0.8163995609590612
Koramangala,-0.03125,0.3890943774339958,-0.0006364395838080049,0.0771336684412056,-0.05263563381856142,0.11260412706479736,42,8,13,656,1416,1.298107950062176,1.1121364600843822
Kottigepalya,-0.0,0.6760415819247975,-0.0,0.945563640822758,0.005347211544318338,0.6307989462589767,20,2,6,1218,2408,0.3315284914157656,0.4557919658778807
Kumaraswamy Layout,-0.0,0.2741688833660889,-0.0,0.7540225300620748,0.000542581913011783,0.9235023313316655,19,4,8,605,1855,0.8198828104855362,0.7753301293741368
Kushal Nagar,-0.0,0.49143202491054605,-0.0,0.5274713462931504,-0.005488020161502167,0.5424221448910934,3,0,0,132,370,0.6567126998804844,0.4717917932492646
Kuvempu Nagar,0.10555555555555556,0.07635227108228775,-0.0,1.0,0.017855737570154614,0.3513948581732795,33,1,12,557,1811,0.48104633698264304,0.9648660125933526
Laggere,-0.0,0.13379176111756094,-0.0,0.1585961484091467,0.02399753055603525,0.12841351117075267,12,0,6,430,865,0.3675009083775853,0.9724635385138357
Lakkasandra,-0.0,0.7132270251909245,-0.0,0.5457081747185151,-0.011405107115340615,0.3513948581732795,7,1,2,117,397,1.0571851785282635,0.8831980314483204
Lakshmidevi Nagar,-0.0,0.2681599468110203,-0.0,0.2063228336799936,-0.0064397835385701565,0.2883781963764095,4,2,2,86,199,1.4510492891961482,1.1559698315842666
Lingarajapuram,-0.0,0.41226711983157605,-0.0,0.24600561256358888,-0.00742108032064922,0.5424221448910934,7,3,2,251,523,1.305672401020669,0.647611474202668
Madiwala,-0.0,0.0199501784368676,-0.0,0.046353852902272084,0.031728080143595926,0.04676893674989459,10,0,5,357,844,0.41202552917754687,0.937981745400668
Mahalakshmipuram,-0.0,0.6064979888020765,-0.0,0.5145556773343292,-0.003644328089673143,0.6771082386478994,7,2,1,398,575,0.8179269396894813,0.535131356684084
Mallasandra,-0.0,0.20459423372167695,-0.0,0.2614025396509938,0.009350816414384563,0.31889648047194963,5,0,1,284,422,0.48551063341141226,0.5941400053064648
Malleshwaram,-0.0,0.5438661901184723,-0.0,0.5438661901184723,-0.005514820249898111,0.2883781963764095,2,0,0,402,923,0.3855733058224417,0.272060324852323
Mangammanapalya,-0.0,0.5743929163859756,-0.00034190187551834525,0.5368163113567568,0.03145818757617133,0.3858571513151256,57,13,19,707,1279,2.0618844966417624,2.028181615972372
Manorayanapalya,-0.0,0.3398699653098112,-1.0888501742160289e-05,0.48529812076273016,-0.014703464412649893,0.6771082386478994,24,4,5,236,1318,1.42842839525475,0.7645089844262427
Marappana Palya,-0.0,0.8997412986871715,-0.0,0.9498704530360561,-0.00039506947092356193,0.9744669029388741,2,0,0,225,392,0.5264698643092625,0.45206910434168757
Marathalli,-0.0,0.24960427359967507,-0.0,0.6061477490863176,0.008190235357437542,0.6307989462589767,14,1,5,249,791,0.7183383675490348,1.010999900732596
Marenahalli,-0.0,0.6350996214230364,-0.0,0.5984999065340422,0.007293977483734802,0.20862839781386747,5,2,2,317,402,0.9124793213259217,0.8269334961346853
Maruthi Mandira Ward,-0.0,0.49143202491054605,-0.0,0.5274713462931504,0.010583815598681757,0.2883781963764095,3,0,1,249,418,0.5002103380432316,0.627346033998662
Maruthi Seva Nagar,-0.0,0.8159723491869253,-0.0,1.0,-0.0006344556888095432,0.9744669029388741,10,0,2,448,1691,0.3643909923889894,0.447033104201475
Mathikere,-0.0,0.19587557068600614,-0.0,0.28274545993277467,0.01063528699367271,0.20862839781386747,10,1,7,275,558,0.6818406735897875,1.38952575343936
Moodalapalya,-0.0,0.14643519153898515,-0.0,0.1603626623579314,0.023688916216819157,0.016406081268886954,7,0,5,236,299,0.5143861517518614,1.5809853461681493
Muneshwara Nagar,-0.0,0.04776124267510367,-0.0,0.0832645166635504,0.025156819082172502,0.08550171523715203,6,1,4,91,208,1.0550779763869282,1.8180546109601248
Nagapura,-0.0,0.7958834113364159,-0.0,0.6364730246496135,-0.005349364431358184,0.6771082386478994,8,2,3,439,918,0.7013482664506413,0.5658736683411508
Nagarabhavi,-0.0,0.6326522167858133,-0.0,0.7209848619016708,0.011671029935036874,0.4605237944389165,11,1,3,279,509,0.7117923503183233,0.8492680932256559
Nagavara,-0.0,0.4779720677177939,-0.0,0.2239389158126146,-0.03076314062820282,0.20862839781386747,11,2,2,322,889,0.8087932276934517,0.6623820860226404
Nandini Layout,-0.0,0.009762628542579364,-0.0,0.011506273356971967,0.019390123747383706,0.06380788453418215,5,0,4,345,680,0.41928238048665,0.9988383325861137
Nayandanahalli,-0.0,0.8849857784863859,-0.0,0.9147298042788199,0.011064992578582369,0.6307989462589767,14,4,3,208,252,1.581641708784871,1.2724908370815549
Neelasandra,-0.0,0.10895972236837621,-0.0,0.23886817144066186,0.029354446995777897,0.23326655710712652,10,0,5,71,241,0.7754187156244117,1.990535193413091
Newthippasandra,-0.0,0.4651678311934686,-5.612519409657705e-05,0.5557349624423149,-0.008027313255485112,0.6771082386478994,42,9,12,539,1400,1.6927427859988684,1.1918783983409251
Okalipuram,-0.0,0.6944729643203018,-0.0,0.5192490622486565,-0.002963659850276253,0.8226828854421667,5,1,1,74,192,1.122950258679189,0.8511652199020739
Padarayanapura,-0.0,1.0,-0.0,0.8882339449173687,-0.005605215891001266,0.6771082386478994,4,1,1,60,151,1.191816361066244,1.0552055398780267
Padmanabha Nagar,-0.0,0.09191282561010841,-0.0,0.05853748036551905,-0.04049280652848338,0.033643947242160896,21,4,3,580,1476,0.8297913245618814,0.4321539600907527
Pattabhiram Nagar,-0.0,0.7496784711071866,-0.0,0.7017413828323193,-0.0008021230181618113,0.9744669029388741,19,2,9,632,1327,0.6098903727939662,0.9709132815547774
Peenya Industrial Area,-0.0,0.15289255304548535,-0.0,0.15621778686612534,-0.02887657528414803,0.04676893674989459,9,4,0,303,795,1.2693935629798891,0.29426473176336154
Prakash Nagar,-0.0,0.7625969508069989,-0.0,0.6671475648273959,-0.0076865465338946705,0.4222502818286719,7,1,2,107,255,0.9962319454293616,1.0155170183516584
Pulikeshi Nagar,-0.02631578947368421,0.05649935280422471,-0.0012794688564675455,0.007152117296136159,-0.050140459707397056,0.0983302187347563,20,11,3,368,730,2.4932437799835507,0.8131001030485432
Puttenahalli,-0.0,0.31641265730906876,0.00012817967832538013,0.5557349624423149,0.047895561661248226,0.20862839781386747,38,7,13,535,922,1.3273184452946294,1.8585997733368562
Radhakrishna Temple,-0.0,0.41618743475637787,-0.0,0.8680432819963503,0.019895017217935945,0.3858571513151256,28,5,13,576,1013,0.9950118587180713,1.7150618477498574
Rajagopala Nagar,-0.0,0.3008027423277617,-0.0,0.4142880026300717,0.0028307317668361445,0.8728414598639421,10,0,4,232,696,0.522082111121614,0.8604594979620345
Rajaji Nagar,-0.0,0.3995113198488579,-0.0,0.46101135791204073,0.00690863672950244,0.5858584459782121,6,0,3,277,523,0.4744013934391999,0.8393624535164989
Rajamahal,-0.0,0.8743093410941438,-0.0,0.9161284083092117,0.0029205450423717885,0.6771082386478994,4,0,1,277,470,0.4724324362905841,0.5843820049101952
Rajarajeshwari Nagar,-0.0,0.9217889505615494,-0.00011817581772054111,0.5424221448910934,0.0058077321859258384,0.4222502818286719,99,22,24,3467,4437,0.7947763944773063,0.7423685406587557
Ramamurthy Nagar,-0.23076923076923078,0.033399765287904545,-0.0006867910594974124,0.0014273106487188694,-0.047880850068855334,0.04676893674989459,104,25,13,1679,2998,1.7554898984914988,0.7078635228774603
Ramaswamy Palya,-0.0,0.6311709650372739,-0.0,0.8298963832086543,0.00033112738865990836,1.0,5,1,2,170,330,0.847089507121612,0.9789882473157028
Rayapuram,-0.0,0.25963977138128647,-0.0,0.25963977138128647,0.0031194190920193487,0.6307989462589767,3,0,3,112,238,0.6841470561485044,1.4126341566916505
S.K.Garden,-0.0,0.8743093410941438,-0.0,0.9161284083092117,-0.00613806901345996,0.5424221448910934,9,1,4,107,271,0.9716438285518244,1.5003491174103665
Sagayapuram,-0.0,0.09238008162314501,-0.0,0.11188552641187846,0.01445933463075193,0.18588304288709082,7,1,4,247,625,0.7788394674065146,0.9975914994519465
Sampangiram Nagar,-0.0,0.6229260993842226,-0.0,0.5450611564640462,0.004665709900211808,0.9235023313316655,16,4,4,546,1022,0.9974644428296402,0.7421504583649483
Sanjay Nagar,-0.0,0.27838960235533483,-0.0,0.7328067121420334,0.002900062997849585,0.7732194749063227,14,2,6,481,1382,0.7252421029589831,0.7978840145268997
Sarakki,0.08333333333333333,0.07175541351477784,3.9144323418516974e-05,0.3131526251041533,0.038338095377633885,0.0983302187347563,28,3,13,526,1260,0.7390400740671335,1.428378763600504
Sarvagna Nagar,-0.0,0.7395701870488107,-0.00024905556944663447,0.1720716176946302,-0.014424285692905915,0.4605237944389165,12,4,3,211,542,1.6843637182486988,0.9391152095476178
Shakambari Nagar,-0.0,0.05716510592655678,-0.0,0.1454460033454501,0.020345818214476036,0.039762136700688226,9,1,5,413,1001,0.5461381774339152,0.8440799056571244
Shakthiganapathi Nagar,-0.0,0.8501067391385259,-0.0,0.7081359261785469,-0.0054606155791921025,0.4605237944389165,4,0,1,256,515,0.4990152884003741,0.667098743456467
Shankaramata,-0.0,0.5619014718352526,-0.0,0.5274713462931504,-0.006182362607453851,0.5858584459782121,4,1,0,269,569,0.6628351464735172,0.365603919696054
Shanthala Nagar,-0.0,0.8925359102370776,-0.0003871495719321803,0.1710247730357649,-0.025844842566623248,0.16497640636360544,32,3,5,572,1754,0.7307203965260121,0.4782510069341023
Shanthi Nagar,-0.0,0.9434394869504068,-0.0,0.6257530643945326,-0.004940708279508344,0.8226828854421667,16,4,5,320,709,1.3606231616046904,0.9579760813607465
Shettyhalli,-0.06458333333333333,0.4897385632216479,-0.0006357149682192983,0.10317236041322589,-0.03497559749337582,0.31889648047194963,60,16,16,756,1986,1.838017995317879,0.9968449130843183
Shiva Nagar,-0.0,0.8738446985173735,-0.0,1.0,-0.008376174683835298,0.5006096271664154,3,0,1,149,487,0.6256097762421773,0.5635761299381955
Shivaji Nagar,-0.0,0.8893096506864367,-0.00016534391534391533,0.21906440661100846,-0.016541156954747283,0.5858584459782121,19,3,4,124,371,1.8507248907472253,1.2886086212372054
Siddapura,-0.0,0.026997940837206955,-0.0,0.0351838756817656,-0.008685196919650329,0.5424221448910934,6,0,5,66,503,0.7933231770354341,1.2170800684885985
Singasandra,-0.10263157894736842,0.3408510854287973,-0.0005472574664248978,0.07402572925713644,-0.03155999325647954,0.18588304288709082,107,22,22,1352,2372,2.0227346726714828,1.2762027240091267
Someshwara,-0.0,0.9474841179849883,-0.0004845682313734037,0.07402572925713644,-0.028554405621656433,0.3513948581732795,113,21,31,1458,3183,1.6066926066468585,1.4563887787846077
Sri Nagar,-0.0,0.9309012350403777,-0.0,0.9309012350403777,-0.008809347762171117,0.0983302187347563,1,0,0,298,793,0.46120199459514727,0.2968892261391757
Sri Rammandira,-0.0,0.47044799993646313,-0.0,0.7401389820130002,0.0067123596936279045,0.5858584459782121,9,0,2,316,702,0.4417049427823968,0.5785585806396314
Subedarapalya,-0.0,0.05245229006343921,-0.0,0.13485826207013368,0.04164339095160545,0.033643947242160896,10,1,7,330,561,0.6587280044135374,1.6178475913687111
Subhash Nagar,-0.0,0.5005882138629408,-0.0,0.8782067804924052,0.003888886222056978,0.8226828854421667,7,1,2,61,127,1.1894160803788578,1.4505533639567059
Subramanya Nagar,-0.0,0.4289815297641253,-0.0,0.5274713462931504,0.004177238685692638,0.4605237944389165,4,0,2,257,455,0.4928735894845291,0.7455387616544993
Sudam Nagar,0.06458333333333333,0.05888123422751838,0.00015135798509900667,0.46841775775987393,0.04654504992133413,0.039762136700688226,23,3,9,208,586,1.145818640253343,1.8603288432277734
Sudduguntepalya,-0.0,0.7815112949987133,-0.0,0.35785658722009417,-0.018642732461380172,0.2598399893189163,7,2,2,223,766,1.0082726523841004,0.5641926235046495
Sunkenahalli,-0.0,0.10404277119880558,-0.0,0.18663923360468004,0.030416756698517323,0.1458442183647273,17,2,10,520,1110,0.5810712620364402,1.1907006221765766
T-Dasarahalli,-0.0,0.27985983329437514,-0.0,0.45402505928172043,-0.001043298581011242,0.9744669029388741,5,1,3,220,508,0.8036042751619712,1.1035705161145186
Thanisandra,-0.0,0.6934314722586745,-0.00019902376157645999,0.5006096271664154,0.016129972515501766,0.5424221448910934,128,24,29,2077,4253,1.301251903569616,1.0607530713661062
Ullalu,-0.0,0.4191960547392273,-0.00022676792663669902,0.07420042159575978,-0.009478653759800637,0.3513948581732795,40,5,13,1124,3716,0.581026579084964,0.581686199594305
Ulsoor,-0.0,0.344315625842209,-0.0,0.5721478401286835,0.0340018742350865,0.4605237944389165,27,2,8,281,539,0.8467818429593261,1.6704327757106052
Uttarahalli,-0.0,0.5495393997888708,-0.00014727000603273146,0.41705887982606993,-0.005031960278098598,0.8226828854421667,55,10,17,1651,3218,0.7445175479974834,0.8117292771945223
Vannarpet,-0.0,0.17135251100562,-0.0,0.46140035510785127,0.017194836231687174,0.31889648047194963,18,2,10,315,795,0.9698136807437379,1.4611136535279752
Varthur,0.09545454545454546,0.3203384817194722,-0.0004995344248995089,0.039762136700688226,-0.0002893520277838645,1.0,107,15,27,976,2453,1.7671537602687448,1.6930748948086913
Vasanth Nagar,-0.0,0.3709989952669325,-0.00019978362850916288,0.13306218742776546,-0.04282655255970862,0.20862839781386747,25,6,4,259,574,1.7954911786782326,0.9714952607914464
Vasanthapura,-0.0,0.8945874994078449,-0.0,0.7668843013869673,-0.00030324415207827406,0.9744669029388741,52,13,11,1714,2227,0.8021465820712705,0.7912180254312499
Vidyapeetha,-0.0,0.6760528085643454,-0.0,0.21052505852576486,-0.02147573478024016,0.2598399893189163,9,3,4,353,1178,1.0266125232344183,0.6867229109927668
Vidyaranyapura,-0.0,0.739161775643776,-0.0002220259552374145,0.213557728657769,-0.006694057036888812,0.5858584459782121,43,8,11,1474,2715,0.7355779119649191,0.5813694853982131
Vignana Nagar,-0.0,0.9736467408169589,-0.000346321806625504,0.29695502091420745,-0.004264054704123157,0.8226828854421667,51,6,10,834,1650,0.9252437748168116,0.8871334497436232
Vijanapura,-0.0,0.04394506519735923,-0.0,0.12484873531565419,0.037553077393823846,0.039762136700688226,19,0,8,562,822,0.32305426703907486,1.5405993186598264
Vijay Nagar,-0.0,0.09427921105665646,-0.0007664908526977492,0.02639449579546423,-0.052173023040327046,0.02832862734229191,14,4,1,240,821,1.4506574659633709,0.4285437569504261
Vishwanathnagenahalli,-0.0,0.8934184032378369,-0.0007207841872289354,0.015869463471595135,-0.04502096509453172,0.07402572925713644,42,7,8,425,1930,1.580905691579189,0.5991296156901585
Visvesvarapuram,-0.0,0.5897075677738349,-0.0,0.4435488805303247,-0.012057486053677693,0.2598399893189163,14,4,3,406,1101,1.0339107589450882,0.5393555951171771
Vrushabhavati Nagar,-0.0,0.01474056424743194,-0.0,0.0149600390805583,0.02129802778210607,0.07402572925713644,6,0,4,109,232,0.6922128993664178,1.6176647639082493
Yadiyuru,-0.0,0.6693866267853552,-0.0,0.9389247210248001,0.002320219762076741,0.8226828854421667,9,1,3,224,473,0.7319478384338207,0.9285783746122331
Yelachenahalli,-0.0,0.8346303679168444,-3.3079626850955745e-05,0.5755023453182715,-0.025650809255213153,0.31889648047194963,22,3,6,605,1663,0.7042775238538636,0.6980452378276518
Yelahanka old Satellite Town,-0.0,0.19934750902529008,0.00011913332432180788,0.23544264082452726,0.03783062996199335,0.1458442183647273,32,3,17,785,1135,0.7312304968055863,1.9533796079092935
Yeshwanthpur,-0.0,0.5619014718352526,-0.0,0.5984999065340422,-0.0026533130561681526,0.6307989462589767,4,1,2,170,416,0.8398663739446648,0.8654722260536662
