complaint_ward_name,bbmp_ward_no,bbmp_zone,population_2014,male_population_2014,female_population_2014,sc_population_2014,st_population_2014,area_sqkm_2014,assembly_constituency,population_density,sc_st_share,complaints_per_1k_2021,complaint_growth_2021_2024
Kempegowda Ward,1,Yelahanka,39368,20580,18788,3736,1231,11.385,150-YELAHANKA,3457.8832,0.1262,14.4026,1.8327
Chowdeshwari Ward,2,Yelahanka,47075,25023,22052,5105,1403,9.6905,150-YELAHANKA,4857.8505,0.1382,7.2225,1.088
Someshwara,3,Yelahanka,43071,22453,20618,4396,1132,5.158,150-YELAHANKA,8350.3296,0.1283,38.1231,1.762
Yelahanka old Satellite Town,4,Yelahanka,41986,21799,20187,6319,1065,4.6012,150-YELAHANKA,9125.0109,0.1759,18.8634,1.2018
Jakkur,5,Yelahanka,40396,21229,19167,4943,778,17.1931,152-BYATARAYANAPURA,2349.5472,0.1416,41.0437,2.3984
Thanisandra,6,Yelahanka,47208,24635,22573,3934,1068,4.4676,152-BYATARAYANAPURA,10566.7472,0.106,58.1257,1.3566
Byatarayanapura,7,Yelahanka,39205,20659,18546,4750,891,12.2311,152-BYATARAYANAPURA,3205.3536,0.1439,36.0413,1.2263
Kodigehalli,8,Yelahanka,38713,20009,18704,3780,1953,5.7411,152-BYATARAYANAPURA,6743.1328,0.1481,19.8125,2.6641
Vidyaranyapura,9,Yelahanka,39438,21032,18406,2766,896,5.3424,152-BYATARAYANAPURA,7382.0755,0.0929,34.8395,1.7476
Doddabommasandra,10,Yelahanka,38620,20262,18358,4085,912,2.3989,152-BYATARAYANAPURA,16099.0454,0.1294,5.9814,2.6164
Kuvempu Nagar,11,Yelahanka,47703,24515,23188,4284,1019,9.1438,152-BYATARAYANAPURA,5216.9776,0.1112,11.1523,3.0113
Shettyhalli,12,Dasarahalli,42320,23094,19226,3122,510,4.8533,152-BYATARAYANAPURA,8719.8401,0.0858,20.8412,2.0159
Mallasandra,13,Dasarahalli,40696,20811,19885,11490,1373,7.2943,152-BYATARAYANAPURA,5579.1508,0.3161,7.2489,1.4392
Bagalagunte,14,Dasarahalli,44141,23175,20966,9570,1141,5.6237,155-DASARAHALLI,7849.1029,0.2427,19.2338,1.52
T-Dasarahalli,15,Dasarahalli,39635,20822,18813,3862,1039,4.7061,155-DASARAHALLI,8422.048,0.1237,6.686,1.7105
Jalahalli,16,Rajarajeshwari Nagar,47846,25186,22660,2980,1666,2.4558,155-DASARAHALLI,19482.8569,0.0971,4.2846,2.0097
J.P.Park,17,Rajarajeshwari Nagar,42639,22620,20019,2626,898,1.3737,155-DASARAHALLI,31039.5283,0.0826,8.1381,1.4914
Radhakrishna Temple,18,East,42614,23008,19606,2681,824,1.2372,155-DASARAHALLI,34443.9056,0.0822,11.0762,2.0825
Sanjay Nagar,19,East,39314,21005,18309,9747,1141,7.0163,154-RAJARAJESHWARI NAGAR,5603.2382,0.2769,11.955,2.7091
Ganga Nagar,20,East,37855,19400,18455,3960,1217,1.6406,154-RAJARAJESHWARI NAGAR,23073.8754,0.1368,6.5777,2.0
Hebbal,21,East,40404,21200,19204,5165,1607,2.8676,154-RAJARAJESHWARI NAGAR,14089.8312,0.1676,7.9448,3.2857
Vishwanathnagenahalli,22,East,46388,23949,22439,4218,652,0.949,154-RAJARAJESHWARI NAGAR,48880.9273,0.105,11.5116,3.6075
Nagavara,23,East,42806,22101,20705,5052,862,0.9888,157-MALLESWARAM,43290.8576,0.1382,10.3257,1.7088
HBR Layout,24,East,35122,18075,17047,3883,741,1.9489,158-HEBBAL,18021.448,0.1317,37.4124,1.603
Horamavu,25,Mahadevapura,36802,18903,17899,2214,593,3.1427,158-HEBBAL,11710.3128,0.0763,58.0947,2.0337
Ramamurthy Nagar,26,Mahadevapura,40625,21090,19535,5620,934,1.4664,158-HEBBAL,27703.9007,0.1613,36.3815,1.8594
Banaswadi,27,East,46762,24307,22455,3843,576,1.3499,158-HEBBAL,34641.0845,0.0945,28.5488,1.9364
Kammanahalli,28,East,41774,21433,20341,3208,441,1.5198,160-SARVARGNA NAGAR,27486.5114,0.0874,6.5352,2.1204
Kacharakanahalli,29,East,38783,19912,18871,5465,931,3.5253,160-SARVARGNA NAGAR,11001.3332,0.1649,5.982,3.4979
Kadugondanahalli,30,East,37600,19453,18147,4169,465,4.1204,151-K.R.PURA,9125.3276,0.1232,6.3032,2.4706
Kushal Nagar,31,East,45384,23729,21655,5526,798,16.9608,151-K.R.PURA,2675.8172,0.1393,3.0187,2.4565
Kavalbyrasandra,32,East,45241,23449,21792,6161,1040,8.3467,151-K.R.PURA,5420.226,0.1592,19.0756,3.3727
Manorayanapalya,33,East,42488,21588,20900,5349,833,2.7772,160-SARVARGNA NAGAR,15298.8622,0.1455,7.4374,3.4858
Gangenahalli,34,East,44874,22652,22222,7291,909,0.9898,160-SARVARGNA NAGAR,45336.4316,0.1827,3.0307,1.9927
Aramane Nagar,35,West,39609,19801,19808,3570,487,2.2441,160-SARVARGNA NAGAR,17650.283,0.1024,8.0032,2.0094
Mathikere,36,West,39441,20070,19371,5378,527,1.6879,160-SARVARGNA NAGAR,23366.9056,0.1497,6.9471,1.8218
Yeshwanthpur,37,Rajarajeswari Nagar,45748,23145,22603,5410,1418,0.6952,160-SARVARGNA NAGAR,65805.5236,0.1493,4.3718,1.8358
H.M.T,38,Rajarajeswari Nagar,46439,23588,22851,5192,821,0.7675,159-PULAKESHI NAGAR (SC),60506.8404,0.1295,5.3403,1.9438
Chokkasandra,39,Dasarahalli,39709,20660,19049,4560,708,2.391,159-PULAKESHI NAGAR (SC),16607.6955,0.1327,13.5989,1.3031
Dodda Bidarkallu,40,Rajarajeswari Nagar,49335,25462,23873,2025,597,0.8547,158-HEBBAL,57722.0077,0.0531,25.337,2.1087
Peenya Industrial Area,41,Dasarahalli,38747,19809,18938,4516,450,0.9791,158-HEBBAL,39574.0987,0.1282,5.6262,3.2968
Lakshmidevi Nagar,42,Rajarajeswari Nagar,39212,20571,18641,3878,670,7.6139,157-MALLESWARAM,5150.0545,0.116,1.8362,2.4247
Nandini Layout,43,West,43122,24035,19087,3304,1424,2.8918,155-DASARAHALLI,14911.8196,0.1096,10.25,1.4695
Marappana Palya,44,West,41067,21766,19301,3945,2316,8.1966,153-YESHVANTHAPURA,5010.2482,0.1525,4.6509,1.9792
Malleshwaram,45,West,45188,24904,20284,3889,1326,5.1529,155-DASARAHALLI,8769.4308,0.1154,8.4093,2.1916
Jayachamarajendra Nagar,46,East,42946,22467,20479,9100,1312,2.2471,154-RAJARAJESHWARI NAGAR,19111.744,0.2424,6.1007,2.1369
Devarajeevanahalli,47,East,46039,23858,22181,5120,965,1.3672,156-MAHALAXMI LAYOUT,33673.9321,0.1322,1.9983,2.3333
Muneshwara Nagar,48,East,45114,23363,21751,7528,736,2.0595,156-MAHALAXMI LAYOUT,21905.3168,0.1832,2.0393,2.1613
Lingarajapuram,49,East,39647,19975,19672,2754,574,2.3925,157-MALLESWARAM,16571.3689,0.0839,6.8353,1.7132
Benniganahalli,50,East,35372,18036,17336,3301,429,1.5293,158-HEBBAL,23129.5364,0.1055,19.4504,1.9913
Vijanapura,51,Mahadevapura,46673,23760,22913,7425,429,0.5703,159-PULAKESHI NAGAR (SC),81839.3828,0.1683,6.9205,2.0957
K.R.Puram,52,Mahadevapura,45638,23330,22308,8847,498,0.5135,159-PULAKESHI NAGAR (SC),88876.3389,0.2048,18.9097,1.691
Basavanapura,53,Mahadevapura,41639,20756,20883,6898,1445,1.1297,160-SARVARGNA NAGAR,36858.458,0.2004,21.2301,1.5435
Hoodi,54,Mahadevapura,46528,25006,21522,10016,1203,4.3793,161-C.V. RAMAN NAGAR (SC),10624.529,0.2411,22.7605,2.8217
Devasandra,55,Mahadevapura,40235,20765,19470,8852,776,2.1368,151-K.R.PURA,18829.5582,0.2393,4.0015,2.4815
A.Narayanapura,56,Mahadevapura,44446,22690,21756,8862,1025,2.7416,151-K.R.PURA,16211.7012,0.2224,7.8072,1.7931
C.V.Raman Nagar,57,East,38170,19683,18487,3526,960,5.4154,151-K.R.PURA,7048.4175,0.1175,8.7503,3.0
Newthippasandra,58,East,42519,21962,20557,6634,872,5.1441,151-K.R.PURA,8265.5858,0.1765,12.1122,2.7461
Maruthi Seva Nagar,59,East,40373,21710,18663,5091,851,3.9879,151-K.R.PURA,10123.8747,0.1472,11.0965,3.3875
Sagayapuram,60,East,39786,20617,19169,7959,550,1.915,151-K.R.PURA,20775.9791,0.2139,5.7809,2.3766
S.K.Garden,61,East,44834,23370,21464,3735,769,3.0976,161-C.V. RAMAN NAGAR (SC),14473.7862,0.1005,2.3866,2.2778
Ramaswamy Palya,62,East,39857,20306,19551,14280,464,4.1986,161-C.V. RAMAN NAGAR (SC),9492.9262,0.3699,4.6416,1.543
Jayamahal,63,East,41089,20391,20698,10013,348,2.2549,160-SARVARGNA NAGAR,18222.0941,0.2522,4.4294,1.5902
Rajamahal,64,West,40996,20463,20533,11460,356,1.3888,159-PULAKESHI NAGAR (SC),29519.0092,0.2882,7.0495,1.4345
Subedarapalya,65,West,41983,20944,21039,5971,628,2.2562,159-PULAKESHI NAGAR (SC),18607.8362,0.1572,7.6221,1.5296
Subramanya Nagar,66,West,39749,19856,19893,8727,298,1.2894,162-SHIVAJI NAGAR,30827.5167,0.227,7.5725,1.3344
Nagapura,67,West,43451,21592,21859,3821,464,1.1249,157-MALLESWARAM,38626.5446,0.0986,11.162,1.6337
Mahalakshmipuram,68,West,39404,19773,19631,1324,440,1.0029,157-MALLESWARAM,39290.0588,0.0448,8.7047,1.4971
Laggere,69,Rajarajeswari Nagar,40326,20386,19940,2720,687,2.0162,156-MAHALAXMI LAYOUT,20000.992,0.0845,10.1919,1.7573
Rajagopala Nagar,70,Dasarahalli,45084,23337,21747,1883,457,0.861,156-MAHALAXMI LAYOUT,52362.3693,0.0519,7.6967,1.658
Hegganahalli,71,Dasarahalli,42563,22315,20248,2984,897,1.0943,154-RAJARAJESHWARI NAGAR,38895.1841,0.0912,6.2965,2.3494
Herohalli,72,Rajarajeswari Nagar,44677,24031,20646,3379,1139,1.0124,155-DASARAHALLI,44129.7906,0.1011,24.8898,1.8185
Kottigepalya,73,Rajarajeswari Nagar,47699,25586,22113,2786,990,1.8535,155-DASARAHALLI,25734.5562,0.0792,24.0466,1.8571
Shakthiganapathi Nagar,74,West,48043,26057,21986,2813,1087,1.4656,155-DASARAHALLI,32780.4312,0.0812,5.724,1.7029
Shankaramata,75,West,37867,19976,17891,2711,1153,5.433,153-YESHVANTHAPURA,6969.8141,0.102,8.7939,1.5629
Gayathri Nagar,76,West,43552,22944,20608,2784,1012,3.4345,153-YESHVANTHAPURA,12680.7396,0.0872,4.6152,1.6733
Dattathreya Temple,77,West,40960,21423,19537,3554,1274,3.6878,154-RAJARAJESHWARI NAGAR,11106.893,0.1179,6.4209,1.6477
Pulikeshi Nagar,78,East,40293,21308,18985,3703,869,3.5459,154-RAJARAJESHWARI NAGAR,11363.2646,0.1135,7.5944,2.1336
Sarvagna Nagar,79,East,47184,24419,22765,7132,579,0.7986,156-MAHALAXMI LAYOUT,59083.3959,0.1634,5.9978,1.6092
Hoysala Nagar,80,East,46569,24093,22476,2854,527,1.0063,156-MAHALAXMI LAYOUT,46277.4521,0.0726,15.0529,2.2593
Vignana Nagar,81,Mahadevapura,44179,22817,21362,2657,588,0.7933,165-RAJAJI NAGAR,55690.155,0.0735,15.4146,2.1202
Garudacharpalya,82,Mahadevapura,43388,21946,21442,1236,287,1.2839,165-RAJAJI NAGAR,33793.9092,0.0351,5.9463,3.139
Kadugodi,83,Mahadevapura,48663,24838,23825,12460,317,0.6578,165-RAJAJI NAGAR,73978.4129,0.2626,8.713,2.9412
Hagadooru,84,Mahadevapura,39065,19875,19190,1147,369,0.7329,157-MALLESWARAM,53301.9512,0.0388,13.9255,3.3046
Doddanekkundi,85,Mahadevapura,38529,19659,18870,3538,480,1.038,164-GANDHI NAGAR,37118.4971,0.1043,19.3101,4.3235
Marathalli,86,Mahadevapura,40385,20714,19671,18014,451,0.8131,164-GANDHI NAGAR,49667.9375,0.4572,5.0514,3.2341
HAL Airport,87,Mahadevapura,38074,18728,19346,5267,436,3.9956,162-SHIVAJI NAGAR,9528.9819,0.1498,3.9397,2.7351
Jeevanbhima Nagar,88,East,48897,25025,23872,3136,199,0.698,162-SHIVAJI NAGAR,70053.0086,0.0682,11.6572,1.958
Jogupalya,89,East,46988,25647,21341,9392,415,2.0215,162-SHIVAJI NAGAR,23244.1256,0.2087,5.5333,3.1111
Ulsoor,90,East,38153,18959,19194,11200,372,2.5406,161-C.V. RAMAN NAGAR (SC),15017.3187,0.3033,8.0728,1.4854
Bharathi Nagar,91,East,43702,22740,20962,4356,857,2.6785,161-C.V. RAMAN NAGAR (SC),16315.8484,0.1193,5.2629,1.8658
Shivaji Nagar,92,East,42410,22175,20235,3869,525,4.2668,151-K.R.PURA,9939.5331,0.1036,2.5701,2.9636
Vasanth Nagar,93,East,40055,21934,18121,3030,626,4.6838,174-MAHADEVAPURA (SC),8551.8169,0.0913,8.4634,1.5118
Gandhi Nagar,94,West,39535,22845,16690,7424,1218,7.2319,174-MAHADEVAPURA (SC),5466.7515,0.2186,9.1059,2.1357
Subhash Nagar,95,West,40631,22115,18516,6386,710,11.523,174-MAHADEVAPURA (SC),3526.0783,0.1746,1.6736,1.5797
Okalipuram,96,West,40896,21307,19589,6148,724,6.573,174-MAHADEVAPURA (SC),6221.8165,0.168,3.2766,1.363
Dayananda Nagar,97,West,45434,24251,21183,4752,903,15.1226,174-MAHADEVAPURA (SC),3004.3776,0.1245,2.7292,1.744
Prakash Nagar,98,West,39042,20493,18549,5355,903,4.6362,174-MAHADEVAPURA (SC),8421.1207,0.1603,2.587,2.3725
Rajaji Nagar,99,West,43594,22781,20813,7975,1129,6.9559,151-K.R.PURA,6267.1976,0.2088,6.9734,1.5016
Basaveshwara Nagar,100,West,46514,24197,22317,8463,394,2.245,161-C.V. RAMAN NAGAR (SC),20718.931,0.1904,6.0197,1.3025
Kamakshipalya,101,West,41182,21000,20182,6342,727,2.4159,161-C.V. RAMAN NAGAR (SC),17046.2354,0.1717,4.7351,2.2041
Vrushabhavati Nagar,102,West,41251,20781,20470,4762,805,1.5006,163-SHANTI NAGAR,27489.6708,0.135,2.909,1.8017
Kaveripura,103,West,40403,23141,17262,6675,404,3.9981,163-SHANTI NAGAR,10105.5501,0.1752,6.3609,1.345
Govindraja Nagara,104,West,38018,19251,18767,3040,221,4.7378,162-SHIVAJI NAGAR,8024.3995,0.0858,6.1287,1.7265
Agrahara Dasarahalli,105,West,39517,21734,17783,6937,507,2.6354,164-GANDHI NAGAR,14994.6877,0.1884,6.0986,1.1736
Dr.Rajkumar Ward,106,West,45361,23232,22129,7633,409,1.0186,164-GANDHI NAGAR,44532.6919,0.1773,4.2768,2.0103
Shiva Nagar,107,West,47429,24676,22753,2172,568,1.2166,165-RAJAJI NAGAR,38984.8759,0.0578,4.259,2.0887
Sri Rammandira,108,West,48770,25202,23568,3913,826,1.5126,165-RAJAJI NAGAR,32242.4964,0.0972,6.6639,1.9724
Chikpete,109,West,43756,23258,20498,1551,759,0.863,156-MAHALAXMI LAYOUT,50702.2016,0.0528,15.1294,2.1146
Sampangiram Nagar,110,East,37702,20415,17287,1457,759,1.2799,166-GOVINDRAJA NAGAR,29456.9888,0.0588,12.5192,1.9091
Shanthala Nagar,111,East,37739,19446,18293,3171,692,1.0174,166-GOVINDRAJA NAGAR,37093.5718,0.1024,16.5876,2.6475
Domlur,112,East,39680,20558,19122,4701,1056,1.332,166-GOVINDRAJA NAGAR,29789.7898,0.1451,5.9728,2.8235
Konena Agrahara,113,East,40499,21241,19258,721,263,0.82,164-GANDHI NAGAR,49389.0244,0.0243,7.136,3.1103
Agaram,114,East,48217,24354,23863,24306,419,0.7748,168-CHAMARAJPET,62231.5436,0.5128,4.3968,1.7042
Vannarpet,115,East,44155,22648,21507,6265,1204,0.6984,164-GANDHI NAGAR,63223.0813,0.1692,7.4963,2.2892
Neelasandra,116,East,46974,24031,22943,9083,383,0.4009,168-CHAMARAJPET,117171.3644,0.2015,3.2145,1.5132
Shanthi Nagar,117,East,40032,20374,19658,1073,2395,0.3564,167-VIJAYA NAGAR,112323.2323,0.0866,9.2926,1.7399
Sudam Nagar,118,South,40331,20905,19426,1897,606,0.7316,167-VIJAYA NAGAR,55127.1186,0.0621,5.1821,2.481
Dharmarayaswamy Temple Ward,119,South,37347,18944,18403,4817,851,0.8859,167-VIJAYA NAGAR,42157.1283,0.1518,10.041,2.6835
Cottonpet,120,West,37416,19301,18115,1440,557,1.2161,166-GOVINDRAJA NAGAR,30767.2066,0.0534,5.9867,1.2444
Binnipet,121,West,46170,23614,22556,3924,1011,3.9763,154-RAJARAJESHWARI NAGAR,11611.2969,0.1069,2.5991,2.0744
Kempapura Agrahara,122,South,38670,19974,18696,2160,625,0.9116,166-GOVINDRAJA NAGAR,42419.921,0.072,2.2239,3.6437
Vijay Nagar,123,South,38003,19708,18295,1879,566,0.9726,166-GOVINDRAJA NAGAR,39073.6171,0.0643,7.7889,2.3973
Hosahalli,124,South,41487,21447,20040,2268,424,1.3891,167-VIJAYA NAGAR,29866.1004,0.0649,8.2918,1.8145
Marenahalli,125,West,36298,18502,17796,4167,847,1.1274,167-VIJAYA NAGAR,32196.2037,0.1381,8.9261,1.1015
Maruthi Mandira Ward,126,West,48299,25161,23138,2371,592,0.6582,167-VIJAYA NAGAR,73380.4315,0.0613,6.4184,1.2444
Moodalapalya,127,West,48678,24981,23697,4546,361,0.7216,168-CHAMARAJPET,67458.4257,0.1008,6.2862,0.8664
Nagarabhavi,128,West,47679,24571,23108,6179,598,1.6198,168-CHAMARAJPET,29435.1154,0.1421,7.8441,1.2267
Jnanabharathi Ward,129,Rajarajeswari Nagar,44676,23031,21645,8276,301,1.6714,169-CHICKPET,26729.6877,0.192,63.2107,1.7657
Ullalu,130,Rajarajeswari Nagar,47733,24492,23241,8033,545,1.7281,169-CHICKPET,27621.6654,0.1797,26.313,2.7224
Nayandanahalli,131,West,43977,23154,20823,6359,723,2.1001,163-SHANTI NAGAR,20940.4314,0.161,5.7757,0.8863
Attiguppe,132,South,43991,22978,21013,6057,413,1.4873,163-SHANTI NAGAR,29577.7584,0.1471,11.3432,2.854
Hampi Nagar,133,South,42054,21262,20792,13581,1509,0.7582,163-SHANTI NAGAR,55465.5764,0.3588,9.9872,2.3159
Bapuji Nagar,134,South,47004,24717,22287,7231,953,1.8692,172-B.T.M. LAYOUT,25146.5868,0.1741,4.4677,2.1327
Padarayanapura,135,West,48354,24406,23948,8552,1029,3.4367,172-B.T.M. LAYOUT,14069.8926,0.1981,1.5097,1.5811
Jagajeevanram Nagar,136,West,41330,21322,20008,8775,962,2.0365,172-B.T.M. LAYOUT,20294.6231,0.2356,3.0002,2.56
Rayapuram,137,West,48749,24806,23943,9022,976,1.7605,169-CHICKPET,27690.4289,0.2051,1.9898,2.2449
Chalavadipalya,138,West,48276,24167,24109,3053,1104,3.3298,169-CHICKPET,14498.1681,0.0861,2.5478,1.871
K.R.Market,139,West,44893,22821,22072,2482,435,2.1474,169-CHICKPET,20905.7465,0.065,3.3636,2.0395
Chamrajpet,140,West,45912,23406,22506,2760,1660,0.8012,168-CHAMARAJPET,57304.0439,0.0963,7.0352,1.858
Azad Nagar,141,West,39688,20558,19130,3509,719,1.273,167-VIJAYA NAGAR,31176.7478,0.1065,3.6283,2.1103
Sunkenahalli,142,South,40893,21416,19477,3919,734,1.9609,167-VIJAYA NAGAR,20854.1996,0.1138,14.4768,1.6712
Visvesvarapuram,143,South,38210,19706,18504,5257,700,2.0167,166-GOVINDRAJA NAGAR,18946.7943,0.1559,15.2054,1.689
Siddapura,144,South,38305,19547,18758,2907,489,1.5781,166-GOVINDRAJA NAGAR,24272.8598,0.0887,2.4801,4.8125
Hombegowda Nagar,145,South,41330,21549,19781,3890,805,9.8792,154-RAJARAJESHWARI NAGAR,4183.5371,0.1136,10.2105,2.2742
Lakkasandra,146,South,39179,20417,18762,4593,1015,8.7155,153-YESHVANTHAPURA,4495.3244,0.1431,3.1905,2.9841
Adugodi,147,South,44395,23160,21235,4810,1131,4.176,153-YESHVANTHAPURA,10630.9866,0.1338,3.9869,2.1854
Ejipura,148,South,40703,20941,19762,4751,722,7.8105,153-YESHVANTHAPURA,5211.3181,0.1345,9.557,1.8949
Varthur,149,Mahadevapura,42029,21727,20302,2835,1298,8.3181,154-RAJARAJESHWARI NAGAR,5052.7164,0.0983,18.9155,2.6495
Bellandur,150,Mahadevapura,38127,20563,17564,1752,502,1.1472,171-PADMANABA NAGAR,33234.8326,0.0591,38.8176,2.4848
Koramangala,151,South,39105,19812,19293,756,428,1.6507,170-BASAVANAGUDI,23689.9497,0.0303,15.5735,2.2459
Sudduguntepalya,152,South,46163,23603,22560,870,944,0.9469,170-BASAVANAGUDI,48751.7161,0.0393,4.4624,3.5362
Jayangar,153,South,41533,21168,20365,1587,595,1.1025,170-BASAVANAGUDI,37671.6553,0.0525,10.0643,3.4177
Basavanagudi,154,South,39677,20376,19301,722,555,1.0002,170-BASAVANAGUDI,39669.0662,0.0322,12.3497,1.8941
Hanumantha Nagar,155,South,41007,21247,19760,2309,774,1.1187,170-BASAVANAGUDI,36655.9399,0.0752,8.4864,1.533
Sri Nagar,156,South,35766,17837,17929,1038,424,1.248,170-BASAVANAGUDI,28658.6538,0.0409,8.4717,2.5197
Gali Anjaneya Swamy Temple Ward,157,South,38070,19220,18850,2086,632,1.4962,171-PADMANABA NAGAR,25444.4593,0.0714,3.835,3.3537
Deepanjali Nagar,158,South,47111,23749,23362,5556,458,2.1133,173-JAYANAGAR,22292.6229,0.1277,6.2406,1.6475
Kengeri,159,Rajarajeswari Nagar,47815,24269,23546,7085,497,1.6039,173-JAYANAGAR,29811.709,0.1586,15.2672,1.9781
Rajarajeshwari Nagar,160,Rajarajeswari Nagar,48991,25325,23666,1470,1008,0.6817,173-JAYANAGAR,71865.9234,0.0506,53.3976,1.4952
Hosakerehalli,161,South,43392,23594,19798,3505,486,1.8096,172-B.T.M. LAYOUT,23978.7798,0.092,10.2093,1.3761
Giri Nagar,162,South,48289,25902,22387,3436,606,1.9081,172-B.T.M. LAYOUT,25307.3738,0.0837,15.78,2.0105
Katriguppe,163,South,43190,23511,19679,3555,760,1.2908,172-B.T.M. LAYOUT,33459.8698,0.0999,11.7851,1.4725
Vidyapeetha,164,South,47119,25181,21938,5721,1407,2.6479,172-B.T.M. LAYOUT,17794.8563,0.1513,8.5316,2.4516
Ganeshmandira Ward,165,South,40355,20192,20163,12993,694,11.7708,163-SHANTI NAGAR,3428.3991,0.3392,11.2749,1.7851
Karisandra,166,South,44402,26075,18327,4363,1079,10.6791,174-MAHADEVAPURA (SC),4157.841,0.1226,3.3332,2.5906
Yadiyuru,167,South,43083,22277,20806,6913,584,22.2087,174-MAHADEVAPURA (SC),1939.9154,0.174,4.6422,2.0945
Pattabhiram Nagar,168,South,43488,24090,19398,7184,903,15.8955,174-MAHADEVAPURA (SC),2735.8686,0.186,13.7969,1.9983
Byrasandra,169,South,42667,22552,20115,2490,580,10.8856,174-MAHADEVAPURA (SC),3919.5818,0.072,11.4608,1.8
Jayanagar East,170,South,42405,21844,20561,3566,552,4.9317,175-BOMMANAHALLI,8598.4549,0.0971,7.9943,2.05
Gurappanapalya,171,South,48292,25457,22835,4663,857,3.7716,175-BOMMANAHALLI,12804.115,0.1143,3.9965,2.3093
Madiwala,172,South,48498,26545,21953,5109,1011,3.5278,175-BOMMANAHALLI,13747.378,0.1262,8.9076,1.8083
Jakkasandra,173,South,44575,23533,21042,3514,458,4.0612,175-BOMMANAHALLI,10975.82,0.0891,3.7689,2.9231
HSR Layout,174,Bommanahalli,43258,21957,21301,3965,562,2.2216,173-JAYANAGAR,19471.552,0.1047,30.9769,1.7957
Bommanahalli,175,Bommanahalli,42653,21867,20786,1878,551,2.6736,173-JAYANAGAR,15953.3962,0.0569,8.2058,2.8519
BTM Layout,176,South,38110,19206,18904,1952,580,1.6877,171-PADMANABA NAGAR,22581.0274,0.0664,19.916,2.6026
J.P.Nagar,177,South,39811,20050,19761,2649,966,1.2439,171-PADMANABA NAGAR,32004.9843,0.0908,16.9049,2.7151
Sarakki,178,South,37433,18709,18724,663,334,1.3673,171-PADMANABA NAGAR,27377.313,0.0266,15.3875,1.9099
Shakambari Nagar,179,South,38398,20033,18365,642,248,0.9098,171-PADMANABA NAGAR,42204.8802,0.0232,16.2769,1.5751
Banashankari Temple Ward,180,South,45950,23789,22161,3261,927,4.0146,176-BANGALORE SOUTH,11445.7231,0.0911,3.3079,3.6732
Kumaraswamy Layout,181,South,38171,20054,18117,4284,651,8.572,176-BANGALORE SOUTH,4452.9865,0.1293,15.4568,2.912
Padmanabha Nagar,182,South,41971,21859,20112,4596,824,3.411,176-BANGALORE SOUTH,12304.6028,0.1291,13.8667,2.2676
Chikkalasandra,183,South,38739,20164,18575,2906,305,1.6065,171-PADMANABA NAGAR,24113.9122,0.0829,9.9125,1.5377
Uttarahalli,184,Bommanahalli,37665,19362,18303,1674,955,1.177,171-PADMANABA NAGAR,32000.8496,0.0698,50.3385,1.4354
Yelachenahalli,185,Bommanahalli,46943,24623,22320,2873,437,1.5827,176-BANGALORE SOUTH,29660.0746,0.0705,12.8028,2.1894
Jaraganahalli,186,Bommanahalli,44046,23068,20978,1658,775,1.4643,175-BOMMANAHALLI,30079.9017,0.0552,4.2456,2.2713
Puttenahalli,187,Bommanahalli,42285,21788,20497,1323,384,2.376,176-BANGALORE SOUTH,17796.7172,0.0404,14.0002,1.3929
Bilekahalli,188,Bommanahalli,46914,24372,22542,1985,663,2.8935,175-BOMMANAHALLI,16213.5822,0.0564,16.3064,1.7742
Hongasandra,189,Bommanahalli,47128,25288,21840,3032,1007,0.8524,175-BOMMANAHALLI,55288.5969,0.0857,8.3814,2.0126
Mangammanapalya,190,Bommanahalli,47840,25472,22368,4029,962,2.6732,175-BOMMANAHALLI,17896.1544,0.1043,10.7232,2.1498
Singasandra,191,Bommanahalli,46757,27182,19575,6760,1289,7.7499,176-BANGALORE SOUTH,6033.2391,0.1721,25.4721,1.8138
Begur,192,Bommanahalli,43747,23141,20606,3454,609,8.431,176-BANGALORE SOUTH,5188.8269,0.0929,63.5929,1.3496
Arakere,193,Bommanahalli,48036,25066,22970,3485,649,2.8493,175-BOMMANAHALLI,16858.8776,0.0861,25.0021,1.4268
Gottigere,194,Bommanahalli,45834,24008,21826,4271,888,5.3577,175-BOMMANAHALLI,8554.7903,0.1126,25.6578,2.3738
Konanakunte,195,Bommanahalli,46564,24066,22498,4052,894,10.1573,176-BANGALORE SOUTH,4584.2891,0.1062,17.1377,2.0426
Anjanapur,196,Bommanahalli,46165,24035,22130,7263,691,9.6877,176-BANGALORE SOUTH,4765.321,0.1723,14.968,1.7803
Vasanthapura,197,Bommanahalli,46045,23586,22459,3852,483,9.5241,176-BANGALORE SOUTH,4834.5775,0.0941,38.6144,1.0961
Hemmigepura,198,Rajarajeswari Nagar,35396,18460,16936,4156,603,26.1586,153-YESHVANTHAPURA,1353.1305,0.1345,49.8361,2.2329
