complaint_ward_name,bbmp_ward_no,elev_centroid_m,elev_mean_m,elev_min_m,elev_max_m,elev_range_m,elev_centroid_minus_boundary_m
A.Narayanapura,56,899.0,898.8461538461538,886.0,909.0,23.0,0.16666666666662877
Adugodi,147,899.0,891.3846153846154,883.0,902.0,19.0,8.25
Agaram,114,892.0,891.4615384615385,875.0,904.0,29.0,0.5833333333333712
Agrahara Dasarahalli,105,891.0,890.3076923076923,866.0,917.0,51.0,0.75
Anjanapur,196,904.0,892.3076923076923,842.0,938.0,96.0,12.666666666666629
Arakere,193,907.0,908.9230769230769,894.0,926.0,32.0,-2.0833333333333712
Aramane Nagar,35,943.0,928.8461538461538,917.0,943.0,26.0,15.333333333333371
Attiguppe,132,871.0,859.9230769230769,832.0,877.0,45.0,12.0
Azad Nagar,141,879.0,873.9230769230769,856.0,895.0,39.0,5.5
BTM Layout,176,909.0,893.4615384615385,884.0,909.0,25.0,16.83333333333337
Bagalagunte,14,876.0,893.2307692307693,874.0,909.0,35.0,-18.66666666666663
Banashankari Temple Ward,180,906.0,907.8461538461538,886.0,922.0,36.0,-2.0
Banaswadi,27,903.0,911.6923076923077,902.0,921.0,19.0,-9.416666666666629
Bapuji Nagar,134,849.0,850.7692307692307,840.0,864.0,24.0,-1.9166666666666288
Basavanagudi,154,914.0,913.6923076923077,896.0,925.0,29.0,0.33333333333337123
Basavanapura,53,870.0,880.8461538461538,865.0,894.0,29.0,-11.75
Basaveshwara Nagar,100,901.0,910.9230769230769,894.0,930.0,36.0,-10.75
Begur,192,918.0,908.8461538461538,887.0,937.0,50.0,9.916666666666629
Bellandur,150,873.0,886.3076923076923,873.0,912.0,39.0,-14.416666666666629
Benniganahalli,50,924.0,910.3076923076923,899.0,925.0,26.0,14.833333333333371
Bharathi Nagar,91,904.0,909.0769230769231,901.0,919.0,18.0,-5.5
Bilekahalli,188,889.0,894.5384615384615,884.0,912.0,28.0,-6.0
Binnipet,121,870.0,879.9230769230769,869.0,891.0,22.0,-10.75
Bommanahalli,175,902.0,894.8461538461538,884.0,908.0,24.0,7.75
Byatarayanapura,7,895.0,898.8461538461538,889.0,921.0,32.0,-4.166666666666629
Byrasandra,169,915.0,921.6923076923077,905.0,933.0,28.0,-7.25
C.V.Raman Nagar,57,899.0,896.2307692307693,886.0,916.0,30.0,3.0
Chalavadipalya,138,892.0,893.0769230769231,884.0,900.0,16.0,-1.1666666666666288
Chamrajpet,140,903.0,893.1538461538462,882.0,909.0,27.0,10.666666666666629
Chikkalasandra,183,881.0,874.3846153846154,857.0,886.0,29.0,7.166666666666629
Chikpete,109,914.0,912.3076923076923,904.0,923.0,19.0,1.8333333333333712
Chokkasandra,39,896.0,898.8461538461538,875.0,924.0,49.0,-3.0833333333333712
Chowdeshwari Ward,2,916.0,907.4615384615385,896.0,925.0,29.0,9.25
Cottonpet,120,898.0,895.0,878.0,906.0,28.0,3.25
Dattathreya Temple,77,902.0,910.0,901.0,922.0,21.0,-8.666666666666629
Dayananda Nagar,97,898.0,894.6923076923077,885.0,910.0,25.0,3.5833333333333712
Deepanjali Nagar,158,840.0,842.7692307692307,816.0,871.0,55.0,-3.0
Devarajeevanahalli,47,910.0,911.2307692307693,898.0,927.0,29.0,-1.3333333333333712
Devasandra,55,892.0,896.9230769230769,884.0,909.0,25.0,-5.333333333333371
Dharmarayaswamy Temple Ward,119,898.0,909.0,896.0,923.0,27.0,-11.916666666666629
Dodda Bidarkallu,40,869.0,876.0769230769231,860.0,912.0,52.0,-7.666666666666629
Doddabommasandra,10,924.0,911.5384615384615,900.0,939.0,39.0,13.5
Doddanekkundi,85,894.0,886.8461538461538,873.0,898.0,25.0,7.75
Domlur,112,888.0,892.1538461538462,883.0,902.0,19.0,-4.5
Dr.Rajkumar Ward,106,880.0,882.6153846153846,869.0,898.0,29.0,-2.8333333333333712
Ejipura,148,886.0,885.8461538461538,882.0,891.0,9.0,0.16666666666662877
Gali Anjaneya Swamy Temple Ward,157,847.0,854.0769230769231,837.0,873.0,36.0,-7.666666666666629
Gandhi Nagar,94,914.0,911.3846153846154,901.0,924.0,23.0,2.8333333333333712
Ganeshmandira Ward,165,893.0,889.0769230769231,874.0,911.0,37.0,4.25
Ganga Nagar,20,920.0,910.1538461538462,893.0,933.0,40.0,10.666666666666629
Gangenahalli,34,931.0,929.4615384615385,917.0,946.0,29.0,1.6666666666666288
Garudacharpalya,82,887.0,894.8461538461538,881.0,907.0,26.0,-8.5
Gayathri Nagar,76,902.0,907.6153846153846,895.0,920.0,25.0,-6.083333333333371
Giri Nagar,162,871.0,877.6153846153846,853.0,895.0,42.0,-7.166666666666629
Gottigere,194,938.0,927.3076923076923,916.0,938.0,22.0,11.583333333333371
Govindraja Nagara,104,900.0,892.3076923076923,882.0,900.0,18.0,8.333333333333371
Gurappanapalya,171,896.0,897.5384615384615,891.0,911.0,20.0,-1.6666666666666288
H.M.T,38,914.0,915.0769230769231,897.0,937.0,40.0,-1.1666666666666288
HAL Airport,87,899.0,892.4615384615385,876.0,909.0,33.0,7.083333333333371
HBR Layout,24,892.0,887.0769230769231,880.0,907.0,27.0,5.333333333333371
HSR Layout,174,887.0,887.9230769230769,872.0,911.0,39.0,-1.0
Hagadooru,84,880.0,862.6923076923077,854.0,881.0,27.0,18.75
Hampi Nagar,133,862.0,858.6923076923077,840.0,889.0,49.0,3.5833333333333712
Hanumantha Nagar,155,888.0,884.0769230769231,862.0,914.0,52.0,4.25
Hebbal,21,906.0,903.3076923076923,895.0,922.0,27.0,2.9166666666666288
Hegganahalli,71,917.0,916.3076923076923,902.0,929.0,27.0,0.75
Hemmigepura,198,834.0,824.1538461538462,765.0,890.0,125.0,10.666666666666629
Herohalli,72,889.0,878.1538461538462,841.0,918.0,77.0,11.75
Hombegowda Nagar,145,900.0,897.9230769230769,890.0,910.0,20.0,2.25
Hongasandra,189,894.0,894.0,884.0,909.0,25.0,0.0
Hoodi,54,891.0,888.0,861.0,906.0,45.0,3.25
Horamavu,25,876.0,895.8461538461538,875.0,919.0,44.0,-21.5
Hosahalli,124,879.0,869.6923076923077,858.0,886.0,28.0,10.083333333333371
Hosakerehalli,161,851.0,845.2307692307693,820.0,882.0,62.0,6.25
Hoysala Nagar,80,900.0,896.3846153846154,890.0,912.0,22.0,3.9166666666666288
J.P.Nagar,177,909.0,899.0,890.0,918.0,28.0,10.833333333333371
J.P.Park,17,904.0,912.1538461538462,904.0,922.0,18.0,-8.833333333333371
Jagajeevanram Nagar,136,878.0,877.1538461538462,858.0,890.0,32.0,0.9166666666666288
Jakkasandra,173,894.0,886.4615384615385,880.0,897.0,17.0,8.166666666666629
Jakkur,5,918.0,904.3846153846154,890.0,920.0,30.0,14.75
Jalahalli,16,916.0,925.9230769230769,915.0,940.0,25.0,-10.75
Jaraganahalli,186,906.0,904.4615384615385,897.0,910.0,13.0,1.6666666666666288
Jayachamarajendra Nagar,46,918.0,921.0,906.0,937.0,31.0,-3.25
Jayamahal,63,940.0,926.6153846153846,910.0,940.0,30.0,14.5
Jayanagar East,170,899.0,904.8461538461538,894.0,918.0,24.0,-6.333333333333371
Jayangar,153,924.0,919.3846153846154,902.0,933.0,31.0,5.0
Jeevanbhima Nagar,88,901.0,901.0,892.0,911.0,19.0,0.0
Jnanabharathi Ward,129,845.0,836.3076923076923,799.0,911.0,112.0,9.416666666666629
Jogupalya,89,890.0,893.8461538461538,890.0,908.0,18.0,-4.166666666666629
K.R.Market,139,907.0,904.6153846153846,892.0,912.0,20.0,2.5833333333333712
K.R.Puram,52,882.0,887.2307692307693,875.0,903.0,28.0,-5.666666666666629
Kacharakanahalli,29,908.0,901.6153846153846,892.0,910.0,18.0,6.916666666666629
Kadugodi,83,885.0,862.9230769230769,856.0,897.0,41.0,23.91666666666663
Kadugondanahalli,30,908.0,907.1538461538462,900.0,917.0,17.0,0.9166666666666288
Kamakshipalya,101,907.0,900.5384615384615,885.0,913.0,28.0,7.0
Kammanahalli,28,913.0,909.5384615384615,901.0,917.0,16.0,3.75
Karisandra,166,914.0,915.6923076923077,906.0,925.0,19.0,-1.8333333333333712
Katriguppe,163,893.0,889.7692307692307,877.0,902.0,25.0,3.5
Kavalbyrasandra,32,921.0,906.1538461538462,897.0,921.0,24.0,16.08333333333337
Kaveripura,103,869.0,865.3846153846154,842.0,894.0,52.0,3.9166666666666288
Kempapura Agrahara,122,868.0,871.1538461538462,865.0,880.0,15.0,-3.4166666666666288
Kempegowda Ward,1,898.0,906.6923076923077,893.0,929.0,36.0,-9.416666666666629
Kengeri,159,785.0,793.8461538461538,761.0,823.0,62.0,-9.583333333333371
Kodigehalli,8,896.0,902.2307692307693,893.0,917.0,24.0,-6.75
Konanakunte,195,919.0,916.0,899.0,931.0,32.0,3.25
Konena Agrahara,113,892.0,887.9230769230769,878.0,897.0,19.0,4.416666666666629
Koramangala,151,892.0,888.4615384615385,875.0,904.0,29.0,3.8333333333333712
Kottigepalya,73,880.0,868.3076923076923,833.0,929.0,96.0,12.666666666666629
Kumaraswamy Layout,181,894.0,885.3846153846154,861.0,895.0,34.0,9.333333333333371
Kushal Nagar,31,905.0,906.6923076923077,897.0,922.0,25.0,-1.8333333333333712
Kuvempu Nagar,11,926.0,916.2307692307693,885.0,936.0,51.0,10.583333333333371
Laggere,69,893.0,884.8461538461538,860.0,903.0,43.0,8.833333333333371
Lakkasandra,146,900.0,902.3846153846154,888.0,918.0,30.0,-2.5833333333333712
Lakshmidevi Nagar,42,900.0,902.6153846153846,875.0,917.0,42.0,-2.8333333333333712
Lingarajapuram,49,909.0,905.4615384615385,898.0,912.0,14.0,3.8333333333333712
Madiwala,172,894.0,893.6153846153846,884.0,905.0,21.0,0.41666666666662877
Mahalakshmipuram,68,903.0,891.4615384615385,869.0,916.0,47.0,12.5
Mallasandra,13,910.0,905.2307692307693,892.0,929.0,37.0,5.166666666666629
Malleshwaram,45,940.0,927.7692307692307,916.0,948.0,32.0,13.25
Mangammanapalya,190,896.0,897.3076923076923,883.0,915.0,32.0,-1.4166666666666288
Manorayanapalya,33,908.0,911.6923076923077,897.0,928.0,31.0,-4.0
Marappana Palya,44,911.0,901.2307692307693,881.0,917.0,36.0,10.583333333333371
Marathalli,86,870.0,877.3076923076923,869.0,902.0,33.0,-7.916666666666629
Marenahalli,125,891.0,887.0,877.0,894.0,17.0,4.333333333333371
Maruthi Mandira Ward,126,875.0,875.6153846153846,853.0,890.0,37.0,-0.6666666666666288
Maruthi Seva Nagar,59,916.0,910.7692307692307,899.0,925.0,26.0,5.666666666666629
Mathikere,36,919.0,916.4615384615385,905.0,929.0,24.0,2.75
Moodalapalya,127,871.0,857.6923076923077,833.0,884.0,51.0,14.416666666666629
Muneshwara Nagar,48,905.0,906.4615384615385,898.0,916.0,18.0,-1.5833333333333712
Nagapura,67,915.0,918.1538461538462,907.0,932.0,25.0,-3.4166666666666288
Nagarabhavi,128,848.0,835.2307692307693,816.0,865.0,49.0,13.833333333333371
Nagavara,23,903.0,896.6153846153846,889.0,903.0,14.0,6.916666666666629
Nandini Layout,43,898.0,883.0769230769231,865.0,906.0,41.0,16.16666666666663
Nayandanahalli,131,832.0,819.3846153846154,804.0,848.0,44.0,13.666666666666629
Neelasandra,116,889.0,890.0769230769231,883.0,896.0,13.0,-1.1666666666666288
Newthippasandra,58,902.0,903.2307692307693,885.0,912.0,27.0,-1.3333333333333712
Okalipuram,96,883.0,887.0,871.0,895.0,24.0,-4.333333333333371
Padarayanapura,135,865.0,867.6923076923077,849.0,883.0,34.0,-2.9166666666666288
Padmanabha Nagar,182,878.0,875.7692307692307,856.0,893.0,37.0,2.4166666666666288
Pattabhiram Nagar,168,923.0,921.0769230769231,909.0,930.0,21.0,2.0833333333333712
Peenya Industrial Area,41,907.0,907.9230769230769,880.0,928.0,48.0,-1.0
Prakash Nagar,98,896.0,893.0,883.0,910.0,27.0,3.25
Pulikeshi Nagar,78,917.0,915.1538461538462,898.0,937.0,39.0,2.0
Puttenahalli,187,910.0,904.6153846153846,890.0,924.0,34.0,5.833333333333371
Radhakrishna Temple,18,908.0,912.7692307692307,899.0,927.0,28.0,-5.166666666666629
Rajagopala Nagar,70,914.0,897.0769230769231,871.0,927.0,56.0,18.33333333333337
Rajaji Nagar,99,910.0,918.4615384615385,902.0,932.0,30.0,-9.166666666666629
Rajamahal,64,923.0,916.8461538461538,905.0,937.0,32.0,6.666666666666629
Rajarajeshwari Nagar,160,837.0,825.6153846153846,797.0,867.0,70.0,12.333333333333371
Ramamurthy Nagar,26,888.0,888.0769230769231,876.0,911.0,35.0,-0.08333333333337123
Ramaswamy Palya,62,924.0,924.5384615384615,914.0,936.0,22.0,-0.5833333333333712
Rayapuram,137,889.0,882.7692307692307,863.0,894.0,31.0,6.75
S.K.Garden,61,918.0,916.5384615384615,905.0,929.0,24.0,1.5833333333333712
Sagayapuram,60,925.0,915.5384615384615,907.0,925.0,18.0,10.25
Sampangiram Nagar,110,919.0,916.1538461538462,898.0,932.0,34.0,3.0833333333333712
Sanjay Nagar,19,916.0,908.3076923076923,897.0,925.0,28.0,8.333333333333371
Sarakki,178,921.0,909.9230769230769,897.0,921.0,24.0,12.0
Sarvagna Nagar,79,912.0,904.8461538461538,896.0,912.0,16.0,7.75
Shakambari Nagar,179,924.0,920.6153846153846,915.0,925.0,10.0,3.6666666666666288
Shakthiganapathi Nagar,74,893.0,884.3076923076923,856.0,922.0,66.0,9.416666666666629
Shankaramata,75,910.0,884.1538461538462,860.0,925.0,65.0,28.0
Shanthala Nagar,111,909.0,909.6923076923077,898.0,928.0,30.0,-0.75
Shanthi Nagar,117,905.0,897.1538461538462,889.0,909.0,20.0,8.5
Shettyhalli,12,877.0,899.4615384615385,869.0,930.0,61.0,-24.33333333333337
Shiva Nagar,107,906.0,902.8461538461538,891.0,912.0,21.0,3.4166666666666288
Shivaji Nagar,92,910.0,914.5384615384615,905.0,923.0,18.0,-4.916666666666629
Siddapura,144,903.0,911.8461538461538,899.0,923.0,24.0,-9.583333333333371
Singasandra,191,915.0,910.3076923076923,889.0,928.0,39.0,5.083333333333371
Someshwara,3,912.0,925.0,905.0,943.0,38.0,-14.083333333333371
Sri Nagar,156,881.0,871.5384615384615,852.0,898.0,46.0,10.25
Sri Rammandira,108,893.0,885.6923076923077,869.0,912.0,43.0,7.916666666666629
Subedarapalya,65,932.0,923.9230769230769,908.0,934.0,26.0,8.75
Subhash Nagar,95,895.0,901.6923076923077,887.0,922.0,35.0,-7.25
Subramanya Nagar,66,918.0,919.9230769230769,908.0,931.0,23.0,-2.0833333333333712
Sudam Nagar,118,895.0,900.6153846153846,893.0,908.0,15.0,-6.083333333333371
Sudduguntepalya,152,907.0,897.0769230769231,890.0,908.0,18.0,10.75
Sunkenahalli,142,902.0,901.4615384615385,879.0,919.0,40.0,0.5833333333333712
T-Dasarahalli,15,905.0,904.6923076923077,891.0,916.0,25.0,0.33333333333337123
Thanisandra,6,886.0,891.1538461538462,879.0,913.0,34.0,-5.583333333333371
Ullalu,130,814.0,831.6923076923077,797.0,872.0,75.0,-19.16666666666663
Ulsoor,90,890.0,900.6923076923077,890.0,920.0,30.0,-11.583333333333371
Uttarahalli,184,838.0,847.0,820.0,887.0,67.0,-9.75
Vannarpet,115,891.0,890.7692307692307,883.0,901.0,18.0,0.25
Varthur,149,868.0,866.0,862.0,887.0,25.0,2.1666666666666288
Vasanth Nagar,93,932.0,921.3076923076923,906.0,936.0,30.0,11.583333333333371
Vasanthapura,197,885.0,882.4615384615385,859.0,911.0,52.0,2.75
Vidyapeetha,164,906.0,901.0,879.0,925.0,46.0,5.416666666666629
Vidyaranyapura,9,918.0,918.2307692307693,900.0,942.0,42.0,-0.25
Vignana Nagar,81,882.0,893.6153846153846,881.0,906.0,25.0,-12.583333333333371
Vijanapura,51,911.0,900.3846153846154,892.0,919.0,27.0,11.5
Vijay Nagar,123,869.0,872.8461538461538,865.0,894.0,29.0,-4.166666666666629
Vishwanathnagenahalli,22,898.0,901.8461538461538,894.0,914.0,20.0,-4.166666666666629
Visvesvarapuram,143,908.0,907.6153846153846,894.0,925.0,31.0,0.41666666666662877
Vrushabhavati Nagar,102,884.0,875.9230769230769,852.0,908.0,56.0,8.75
Yadiyuru,167,915.0,914.1538461538462,899.0,927.0,28.0,0.9166666666666288
Yelachenahalli,185,894.0,897.8461538461538,881.0,907.0,26.0,-4.166666666666629
Yelahanka old Satellite Town,4,905.0,923.6923076923077,905.0,939.0,34.0,-20.25
Yeshwanthpur,37,914.0,914.9230769230769,909.0,923.0,14.0,-1.0
